Name,Precision,Recall,FScore,FeaturesWithoutRetrieved,InexistentFeaturesRetrieved
not_LOGGING,0,0.0,0,NothingRetrieved
DEPLOYMENTDIAGRAM_and_LOGGING,0,0.0,0,NothingRetrieved
SEQUENCEDIAGRAM_and_STATEDIAGRAM,0,0.0,0,NothingRetrieved
SEQUENCEDIAGRAM,1.0,0.25806451612903225,0.41025641025641024,SomethingRetrieved
COGNITIVE_and_SEQUENCEDIAGRAM,0,0.0,0,NothingRetrieved
COLLABORATIONDIAGRAM_and_SEQUENCEDIAGRAM,0,0.0,0,NothingRetrieved
COLLABORATIONDIAGRAM,1.0,0.140625,0.2465753424657534,SomethingRetrieved
LOGGING_and_USECASEDIAGRAM,0,0.0,0,NothingRetrieved
DEPLOYMENTDIAGRAM,1.0,0.4523809523809524,0.6229508196721312,SomethingRetrieved
COLLABORATIONDIAGRAM_and_LOGGING_and_SEQUENCEDIAGRAM,0,0.0,0,NothingRetrieved
ACTIVITYDIAGRAM,0.7647058823529411,0.11504424778761062,0.2,SomethingRetrieved
STATEDIAGRAM,1.0,0.1557377049180328,0.2695035460992908,SomethingRetrieved
COGNITIVE_and_DEPLOYMENTDIAGRAM,0,0.0,0,NothingRetrieved
USECASEDIAGRAM,0.9354838709677419,0.4393939393939394,0.5979381443298969,SomethingRetrieved
COGNITIVE_and_LOGGING,0,0.0,0,NothingRetrieved
ACTIVITYDIAGRAM_and_STATEDIAGRAM,0,0.0,0,NothingRetrieved
COLLABORATIONDIAGRAM_and_LOGGING,0,0.0,0,NothingRetrieved
LOGGING,0,0.0,0,NothingRetrieved
not_COGNITIVE,0,0.0,0,NothingRetrieved
LOGGING_and_SEQUENCEDIAGRAM,0,0.0,0,NothingRetrieved
LOGGING_and_STATEDIAGRAM,0,0.0,0,NothingRetrieved
DEPLOYMENTDIAGRAM_and_USECASEDIAGRAM,0,0.0,0,NothingRetrieved
COGNITIVE,0,0.0,0,NothingRetrieved
ACTIVITYDIAGRAM_and_LOGGING,0,0.0,0,NothingRetrieved
Average,0.2375079063883618,0.06505193169206532,0.09780101095097843,18.0,0,