Name,Precision,Recall,FScore,FeaturesWithoutRetrieved,InexistentFeaturesRetrieved
ACTIVITYDIAGRAM,0.0,0.0,0,SomethingRetrieved
ACTIVITYDIAGRAM_and_LOGGING,0,0.0,0,NothingRetrieved
ACTIVITYDIAGRAM_and_STATEDIAGRAM,0,0.0,0,NothingRetrieved
COGNITIVE,0,0.0,0,NothingRetrieved
COGNITIVE_and_DEPLOYMENTDIAGRAM,0,0.0,0,NothingRetrieved
COGNITIVE_and_LOGGING,0,0.0,0,NothingRetrieved
COGNITIVE_and_SEQUENCEDIAGRAM,0,0.0,0,NothingRetrieved
COLLABORATIONDIAGRAM,1.0,0.140625,0.2465753424657534,SomethingRetrieved
COLLABORATIONDIAGRAM_and_LOGGING,0,0.0,0,NothingRetrieved
COLLABORATIONDIAGRAM_and_LOGGING_and_SEQUENCEDIAGRAM,0,0.0,0,NothingRetrieved
COLLABORATIONDIAGRAM_and_SEQUENCEDIAGRAM,0,0.0,0,NothingRetrieved
DEPLOYMENTDIAGRAM,0,0.0,0,NothingRetrieved
DEPLOYMENTDIAGRAM_and_LOGGING,0,0.0,0,NothingRetrieved
DEPLOYMENTDIAGRAM_and_USECASEDIAGRAM,0,0.0,0,NothingRetrieved
LOGGING,0,0.0,0,NothingRetrieved
LOGGING_and_SEQUENCEDIAGRAM,0,0.0,0,NothingRetrieved
LOGGING_and_STATEDIAGRAM,0,0.0,0,NothingRetrieved
LOGGING_and_USECASEDIAGRAM,0,0.0,0,NothingRetrieved
not_COGNITIVE,0,0.0,0,NothingRetrieved
not_LOGGING,0,0.0,0,NothingRetrieved
SEQUENCEDIAGRAM,0,0.0,0,NothingRetrieved
SEQUENCEDIAGRAM_and_STATEDIAGRAM,0,0.0,0,NothingRetrieved
STATEDIAGRAM,1.0,0.1557377049180328,0.2695035460992908,SomethingRetrieved
USECASEDIAGRAM,0,0.0,0,NothingRetrieved
Average,0.08333333333333333,0.012348446038251366,0.02150328702354351,21.0,0,